problem_description,count,invoice_ids
No Power,88,"5,8,14,26,29,57,57,57,111,119,120,120,123,123,136,158,158,179,179,225,225,226,226,232,232,242,242,279,279,286,286,286,303,303,315,352,445,445,509,519,519,555,555,565,600,618,618,659,660,660"
قاطع باور بشكل كامل رنج,33,"760,760,785,873,873,905,905,977,977,977,1001,1001,1001,1061,1061,1061,1061,1061,1066,1066,1101,1127,1168,1168,1168,1168,1178,1178,1179,1179,1182,1182,1186"
قاطع باور,24,"247,247,272,272,272,292,292,292,292,296,296,316,316,348,348,397,397,398,398,421,421,551,551,551"
No Power Working Rang 250,18,"542,542,547,547,547,576,576,738,738,751,808,808,838,838,919,1009,1009,1293"
تغيير شاشه,15,"85,318,382,382,385,385,385,485,518,669,703,973,1048,1110,1181"
No Data,14,"71,71,71,145,145,145,208,268,268,321,321,533,533,1129"
سوفت وير,14,"93,94,94,94,222,223,246,307,345,408,420,480,632,668"
No Power Working Raing 500,14,"1247,1247,1254,1309,1310,1317,1319,1331,1335,1335,1351,1389,1394,1412"
صيانه دوريه,12,"186,422,490,506,520,540,558,575,623,916,1054,1054"
Install OS,11,"65,65,81,106,128,167,239,239,799,799,853"
قاطع باور رنج من 250,11,"673,673,692,692,722,730,730,741,741,752,752"
No Power From 250 to,10,"339,339,339,339,340,340,343,343,343,343"
No Power Working Ring 250,10,"617,617,794,794,794,868,896,896,989,989"
No Power - Full Test,9,"126,126,126,126,358,359,359,366,564"
No Data Working Raing 250,9,"1070,1070,1070,1148,1148,1172,1172,1222,1222"
Change Screen,8,"176,176,189,189,607,615,616,898"
قاطع باور بشكل كامل,8,"869,869,869,869,953,1015,1015,1185"
شحن بايوس,7,"77,77,90,91,92,92,92"
Power No Data,7,"78,219,219,620,1190,1266,1399"
Change New KB,7,"161,195,195,259,656,657,696"
الكيبورد بيعلق,7,"248,248,248,248,248,248,248"
Unusual opening and closing +,7,"434,434,434,434,434,434,434"
No Power - Working Raing,7,"1202,1213,1213,1267,1268,1282,1407"
Cooling System,6,"39,134,263,263,801,1253"
no powr,6,"432,432,984,984,1023,1086"
No Power Working Range 250,6,"522,522,522,522,522,522"
قاطع باور من 250 حتي,6,"597,597,608,608,608,608"
كسر ف المفصلات,5,"48,48,48,103,116"
no power,5,"51,442,442,444,444"
Upgread To SSD 128G -,5,"172,172,172,524,524"
No Power - كسر ف,5,"174,174,1387,1387,1415"
Change New Screen,5,"194,278,694,724,1226"
Full Test,5,"197,469,497,1242,1242"
No Power 150-750,5,"262,262,262,262,262"
قاطع داتا,5,"312,393,393,433,433"
يعمل باور وداتا لاكن عند,5,"313,313,313,313,313"
Auto Restarting - Full Chaik,5,"456,456,457,457,457"
Fix Hosing,5,"727,793,793,828,828"
Change KB,5,"821,937,1341,1341,1341"
قاطع باور بشكل كامل +,5,"865,865,899,1173,1173"
الجهاز غير مستقر ف التشغيل,5,"935,935,1288,1288,1414"
No Power Working Raing 250,5,"936,936,1025,1069,1069"
no pwor to250 from1650 01110392254,5,"1087,1087,1087,1087,1087"
مشكله ف كارت AMD فيجا,4,"9,52,52,52"
فحص كامل - NO power,4,"16,58,58,58"
كسر مفصلات,4,"104,643,699,815"
تغيير بطاريه,4,"138,138,612,758"
مبيشتغلش في وجود البطاريه,4,"277,277,277,277"
Power No Data (150-1350),4,"300,300,300,300"
Clicks Not Work,4,"322,322,323,323"
تم تغير حجر السيموس Slow,4,"326,326,326,326"
Do not turning off,4,"329,329,329,329"
Cooling System Pro,4,"337,337,337,1261"
تغيير سوكت شحن,4,"349,599,825,825"
No Power بدون رام وهارد,4,"364,364,364,364"
Endpoint Security Controller Problem,4,"371,371,371,371"
كسر هوسينج,4,"375,375,431,606"
تغيير شاشه + software,4,"384,384,389,389"
software + البطاريه منتفخه,4,"388,388,388,388"
Change KB 850LE,4,"415,415,415,415"
Change SSD Socket - بدون,4,"453,453,454,454"
بيفصل لوحدو,4,"466,466,467,467"
تغيير كيبورد,4,"706,706,711,1217"
no pwar,4,"733,740,740,740"
No Power Working Ring 350,4,"800,800,800,800"
واقع عليه لاكود رنج حتي,4,"924,924,924,924"
لا يشحن ولا يعمل الي,4,"949,950,950,950"
no pwor to250 from2350,4,"1089,1089,1089,1089"
No Data Working Raing 500,4,"1237,1252,1397,1404"
R USB - Chick Battery,3,"6,49,49"
بيهنج عند الضغط علية -,3,"10,53,53"
لمبة الباور بتنور احمر -,3,"11,54,54"
زنة ف السماعات - سبوطات,3,"13,56,56"
No Power - Liqued,3,"45,45,45"
Full Test - بيعمل صوت,3,"66,66,66"
No Power - Led Flat,3,"68,68,68"
مشكله الاغلاق من الويندوز -,3,"73,73,73"
Chinge Hosing C + Install,3,"75,75,75"
Bios Password,3,"114,114,1044"
No Power - يوجد زر,3,"118,118,118"
Windows,3,"132,132,132"
No Power TFrom 150 to,3,"177,177,177"
اصلاح الكسور - اصلاح عطل,3,"190,190,190"
Change Hosing AB,3,"196,196,1372"
Change New Fan,3,"205,205,952"
Routine Maintenance Pro + Full,3,"216,216,216"
No Power 250 - 1500,3,"245,245,245"
Periodic maintenance,3,"294,338,338"
No Data (250-1200),3,"301,301,301"
No Data (150-750),3,"310,310,310"
Over Heat - Full Test,3,"311,311,311"
Need SP & Battery,3,"328,328,328"
No Data - Hosing D,3,"330,330,330"
بيفصل لوحده 250 - 750,3,"341,341,341"
Screen,3,"344,344,344"
قاطع باور There is liquid,3,"351,351,351"
No Power Lequid Price Raing,3,"369,369,369"
No Data From 250 to,3,"402,402,402"
مشكله في الكامير,3,"435,435,435"
No Data Working Rang 250,3,"448,448,574"
No Powe From 250 t0,3,"451,451,451"
Fix Hosing From 450 to,3,"458,458,479"
شاشه,3,"470,710,951"
قاطع باور Money range from,3,"472,472,472"
No Power Up to 650LE,3,"500,500,500"
قاطع باور من 450 حتي,3,"513,513,513"
كسر ف الهوسنج من 450,3,"517,517,705"
NO Power Working Rang From,3,"528,528,528"
Fix Hosing Working Rang 450,3,"534,534,534"
تغيير الشاشه - الفانه بها,3,"535,535,535"
- Fix charger Circuit 150,3,"541,541,541"
Blue Screen Working 450 to,3,"580,580,580"
تركيب هارد,3,"594,737,860"
شاشه زرقه,3,"602,602,929"
بيسخن ويفصل,3,"674,674,674"
لا يقبل ويندوز والسماعات بها,3,"678,678,678"
No Data Working Rang From,3,"718,719,719"
KB Not Working - Fix,3,"723,723,723"
الجهاز بيعمل shutdown بشكل عشوائي,3,"739,739,739"
لحم مفصلات,3,"771,771,771"
كسر في الهوسينج هيتم تبليغ,3,"773,774,774"
بيحصل لاج عند توصيل للشاحن,3,"796,797,797"
قاطع داتا بشكل كامل رنج,3,"805,806,1133"
KB,3,"818,818,818"
تركيب ssd128,3,"822,822,822"
تغيير هارد + شاحن,3,"823,823,823"
اسبوت ف الشاشه,3,"964,980,981"
No Power Workin range 250,3,"991,991,991"
تغيير بطاريه وكيبورد,3,"995,995,996"
السوكت مكسور - تزويد رام,3,"1010,1010,1010"
No Power Working Rang 250-,3,"1057,1057,1057"
no pwor to250 from1350,3,"1060,1060,1060"
الكيبورد لا يعمل,3,"1081,1082,1082"
بيعلق كتير وكان معمله صيانه,3,"1107,1107,1107"
No Charging,3,"1137,1141,1141"
Not Charging,3,"1142,1142,1167"
No Power Working Rang 1400LE,3,"1187,1187,1187"
No Power Working Rang 500,3,"1194,1229,1229"
No Power – Power socket,3,"1210,1211,1211"
Power No Data Working Raing,3,"1380,1380,1396"
الفانه صوتها عالي,2,"1,1"
Power No data,2,"18,25"
صوت الفانه عالي - البطاريه,2,"31,31"
كسر ف الهاوسنج - تفعيل,2,"32,32"
الكلكات لا تعمل,2,"36,36"
الجهاز بدون بطاريه وبدون سوكت,2,"43,43"
تم اصلاح مشكله الشحن و,2,"50,50"
وايفاي + زرار مكسور تم,2,"55,55"
Restarting No Data - كسر,2,"64,64"
سوكت الباور بيعلق - التأكد,2,"67,67"
باسورد بايس,2,"76,76"
الجهاو بدون بطاريه,2,"83,83"
الجهاز وقع عليه سائل,2,"88,88"
اللاب بطئ وبيعلق = تغيير,2,"99,99"
اللاب بطئ وبيعلق + تغيير,2,"100,100"
Liquid,2,"101,101"
التاتش اسكرين بيفصل مع لف,2,"102,102"
الشاشه بترعش فحص كامل,2,"108,108"
No Power - بعد الاصلاح,2,"110,110"
USB,2,"121,122"
Cad - Revit - 3d,2,"124,124"
المشكلله الاساسيه كانت ف دائره,2,"125,125"
بيعمل تصفيره مع الشاحن,2,"130,130"
No Power And Change KB,2,"131,131"
No Power بتكلفه من 200-,2,"135,135"
Change New Screen From 1350,2,"142,142"
Full Test - Regular Maintenance,2,"143,143"
Install Software.. 150LE,2,"144,144"
Full Test - check Screen,2,"156,156"
Upgrad OS + Install VPN,2,"157,157"
No Power - ( بدون,2,"162,163"
Restirting No Power Cost 150,2,"168,168"
غير مستقر في التشغيل,2,"170,170"
Power Not Stable - Blue,2,"178,178"
Wifi Not Work,2,"180,181"
No Power Work to 500LE,2,"182,182"
الجهاز وقع .. No Power,2,"191,191"
Power No Data بدون بطاريه,2,"198,198"
يعمل باور بشكل لحظي -,2,"199,199"
لا يوجد عرض ع الشاشه,2,"200,200"
Change Hosing + Change KB,2,"206,206"
No Data - Need Change,2,"210,210"
No Power - Liqued Fix,2,"211,211"
No Power 500 to 1000,2,"213,213"
مرتجع كيبورد - فحص كامل,2,"217,217"
regular maintenance - fix fan,2,"227,227"
بدون بطاريه,2,"229,229"
لا يقراء كرت الفيجا,2,"233,233"
Change 2.5 Audio Socket,2,"236,236"
Change KB -- 850 LE,2,"237,237"
ADD SSD 128G _ CADY,2,"238,238"
كسر في الهوسينج,2,"249,249"
Rounting Mintans - Install OS,2,"251,251"
No Data From 150- 750,2,"252,252"
No Power 150-450,2,"256,256"
No Power 250 - 850,2,"258,258"
Change New Battery Orignal(1550) -,2,"260,260"
تغييير شاشه,2,"266,267"
قاطع باور + تغيير شاشه,2,"270,270"
Fan Speeed after Sleep -,2,"281,281"
No Power From 150 to,2,"283,283"
Cooling System Pro (550) -,2,"287,287"
كسر ف الهوسنج 650,2,"289,289"
تغيير كبل,2,"293,293"
No Power 150-1750,2,"297,297"
اصلاح المفصلات (450-650),2,"298,298"
Add New ssd 256G,2,"299,299"
NO DATA,2,"302,768"
Cooling System - Change Fan,2,"304,304"
NO power,2,"305,305"
No Power (150-800),2,"306,306"
No Data (250-1500) - Change,2,"309,309"
Change New KB (850) -,2,"317,317"
No Boot - Password Boot,2,"325,325"
يحتاج اللي حجر VGA,2,"331,331"
VGA - Full Test,2,"332,332"
تغيير شاشه Range from 2100,2,"333,333"
No Power Laquide Diamige From,2,"342,342"
Install OS - Shutdoun Automatic,2,"346,346"
بقع فا لاشاشه - سيموس,2,"353,353"
No Power- Full Test -,2,"355,355"
Need Screen - No Back,2,"356,356"
BT - Full Test -,2,"361,361"
VGA - DVD - HDD,2,"362,362"
no pawr بدون هارد وراما,2,"365,365"
Change SSD 512 Sumsung EVO,2,"370,370"
The service tag does not,2,"373,373"
Fix Fan - Cooing System,2,"374,374"
Regular maintenance + windows +,2,"376,376"
ThinkPad T490+ زرار كيبورد ناقص,2,"379,379"
سوكت الشحن في مشكله,2,"380,380"
محتاج SSD256 +software,2,"381,381"
تغير شاشه+ software,2,"383,383"
ناقص زرار + software,2,"387,387"
محتاج هارد256 + تمت اضافه,2,"390,390"
اضافه SSD,2,"391,391"
قاطع باور Price range from,2,"394,394"
شغال باور وداتا ومبيعرضش,2,"396,396"
الشاشه بتجيب خطوط,2,"399,399"
ساوفت وير,2,"400,400"
No Sound,2,"403,403"
Battery Stop Charg 50% to,2,"406,406"
مشكله في الرمات,2,"410,410"
No Power t0 950LE,2,"411,411"
سعات يشحن وساعات لا (Work,2,"416,416"
No Power - سعات يشتغل,2,"417,417"
Change New KB 470 -,2,"419,419"
No Power from 250 to1250,2,"426,426"
بلو اسكرين,2,"427,753"
No Power to 900LE,2,"428,428"
Full Test - USB Ports,2,"429,429"
Add SSD 128G + Ram,2,"430,430"
مرتجع صيانه ... فاتوره سابقه,2,"439,439"
No Power Working Rang 500Le,2,"441,441"
بيقفل لوحدو من 350 حتي,2,"449,449"
Cahnge New Screen,2,"450,450"
Lag,2,"455,455"
No Data - الجهاز متفكك,2,"461,461"
قاطع داتا + مرتجع صيانه,2,"475,475"
صيانه دوريه 550 - Full,2,"476,476"
تغيير هوسينج,2,"484,742"
انسكب عليه (ببس) تملفه تنظيف,2,"491,491"
انسكب عليه سائل ... تنظيف,2,"495,495"
No Power Up[ to 1200LE,2,"496,496"
No Power - شكوه العميل,2,"498,498"
No Power - Up to,2,"499,499"
كسر هوسينج : من 450,2,"504,504"
لا يعمل علي البطاريه +بيسخن,2,"505,505"
لا يعمل علي البطاريه,2,"507,507"
اوقات يشتغل و اوقات لا,2,"511,511"
قاطع باور من 450 حتي1000,2,"514,514"
لا يقراء الشاحن (فحص دائره,2,"515,515"
Cooling System Ultra 850LE,2,"521,521"
Fix Hosing From 950 to,2,"523,523"
Fix Hosing From 450 To,2,"526,526"
NO Power - Full Test,2,"530,530"
Chack Fan - Cooling Sysem,2,"531,531"
Change Power Socket - تخفيف,2,"532,532"
Ulock Bios Password,2,"536,536"
Change New Screen 15.6 From,2,"537,537"
Upgread to SSD 128g,2,"538,539"
الجهاز واقع عليه مياه -,2,"543,543"
سوفت ورير + تغيير 2,2,"548,548"
TP Not working,2,"550,550"
سوكت البطاريه مكسور,2,"553,562"
صيانه دوريه نسخه,2,"557,557"
Fix Hosing Rang 450 to,2,"569,569"
قاطع باور Range from 250,2,"570,650"
كسر هوسيتنج,2,"572,572"
كسر ف المفصلات Working Rang,2,"583,583"
Freeze,2,"601,601"
كسر ف المفصلات Working Ring,2,"603,614"
ويندوز + كسر هوسينج +,2,"605,605"
الUSBs لا تعمل,2,"619,1175"
Install software,2,"624,625"
No Power Chort Circuit Working,2,"630,630"
قاطع دتا تغيير هوسينج (2500),2,"631,631"
Chick Charger Circuit Working Ring,2,"652,652"
No Power Working Ring 205,2,"665,665"
تركيب هارد وبطاريه,2,"670,1083"
قاطع باور رنج من (250,2,"672,672"
بلؤ اسكرين,2,"675,675"
Fix Hosing Using Working Ring,2,"680,680"
هارد 128 رام 8,2,"681,681"
Fix Hosing Working Ring 650,2,"685,685"
اصلاح هاوسنج من 850 الي,2,"689,689"
Change New Keyboard,2,"690,690"
Fix Hosing Working Rang 550,2,"691,691"
no powr Working Ring 250,2,"695,695"
Beep Code 7 - No,2,"700,700"
تغيير البطارية والكيبورد الباسورد :,2,"714,714"
No Power Working ring 250,2,"715,715"
No Data - كسر ف,2,"716,716"
كسر في الشاشه قاطع داتا,2,"729,729"
Change New Batter 950 -,2,"748,748"
Add SSd 1T 3800 +,2,"749,749"
اركيب هارد,2,"756,756"
Change NEw Fan (350-650) -,2,"757,757"
قاطع داتا رنج من 250,2,"764,764"
اصلاح هوسينج رنج من 650,2,"766,915"
NO Power - الجهاز واقع,2,"767,767"
تغيير هارد,2,"776,777"
Add SSD 128G + Up,2,"778,778"
Change Fan High Quilty 650,2,"782,782"
Cooling System Ultra 850 -,2,"783,783"
Add SSD 256G 1550,2,"798,798"
تنزيل ويندوز,2,"804,804"
Cooling System PS:faroo7i2021,2,"809,809"
الجهاز بطي جدا,2,"810,810"
NO PAWR,2,"811,811"
no pawr to250 from1750,2,"812,812"
BT,2,"819,819"
kb - Power Cheek,2,"820,820"
Full Test - Chaange Hosing,2,"826,826"
Add SSD 128G 95 Le,2,"827,827"
الهاوسينج to550 from 850- الشاشه,2,"829,829"
تركيب ssd,2,"834,1094"
No Power Short Circuit Working,2,"837,837"
NO POWR,2,"841,841"
Change New Battery,2,"848,1405"
قاطه باور,2,"849,849"
قاطع باور + واقع عليه,2,"851,851"
مشكله في الهارد ويوجد ليكويد,2,"854,854"
مشكله في الysb,2,"859,859"
المفصلات-هارد 512 ssd,2,"862,862"
بدون هارد + قاطع داتا,2,"864,864"
Change New Screen - استعلام,2,"866,866"
Cooling /system,2,"870,870"
Restarting - الجهاز يظهر اللوجو,2,"871,871"
تست بشكل كامل,2,"872,872"
بيقف علي الوجو,2,"875,875"
Power Socket 550LE,2,"879,879"
Add 128G,2,"881,881"
no pwor to 250 from,2,"888,888"
Add 1Thdd + Orignal Battery,2,"897,897"
NO POWR TO250FROM1450,2,"902,902"
الجهاز انسكب عليه سائل -,2,"904,904"
no pwor مشكله في دايره,2,"910,910"
اصلاح مفصلات to450 from 650,2,"911,911"
الجهاز منسكب عليه سائل -,2,"914,914"
تغير كيبورد اصلاح هاوسينج,2,"917,917"
Add SSD 256G 1450 +,2,"918,918"
no pwor to250 from1850,2,"930,930"
زرع بن لبورت الرامات 750,2,"934,934"
Blue Screen,2,"938,987"
بطيئ - فحص كامل,2,"945,945"
NO POWR TO250 FROM1750,2,"958,958"
Very Slow,2,"959,1301"
بيرستارت بعد وقت ثابت من,2,"965,966"
No Power - يوجد اثار,2,"967,967"
No Power - سوكت الشحن,2,"968,968"
صيانه دوريه (1250),2,"974,974"
Change AHosing AB Cost 1950,2,"990,990"
الجهاز بيقف علي الوجو to,2,"992,992"
محتاج شاحن (450) اصلاح هوسينج,2,"1000,1000"
اصلاح مفصلات to650 from1000,2,"1004,1004"
الهاوسنج مكسور العمل سيتم تحت,2,"1005,1005"
قاطع باور بشكل كامل رج,2,"1018,1018"
رنج من 350 حتي 1800,2,"1022,1022"
Full tast,2,"1024,1024"
No Power - Restarting,2,"1027,1027"
مشكله ف الاداء العام و,2,"1028,1028"
Stop Logo,2,"1035,1065"
غير معلوم,2,"1039,1039"
كسر ف الشاشه و المفصلات,2,"1040,1040"
No Power - بورت الRTC,2,"1042,1042"
مبيشحنش رنج من من 250,2,"1052,1052"
Upgread SSD 128G 1100LE +,2,"1056,1056"
Full Test 150LE,2,"1062,1373"
قاطع باو بشكل كامل نج,2,"1067,1067"
الجهاز كان موجود عندنا من,2,"1068,1068"
كيبورد,2,"1079,1079"
كسر ف المفصلات 1450,2,"1084,1084"
الجهاز بيجيب بلو اسكرين عند,2,"1085,1085"
No Data Working Ring 250,2,"1090,1090"
no powr to250 from1250,2,"1099,1099"
مبيشحنش رنج من 350 حتي,2,"1102,1103"
مشكله ف الهارد,2,"1104,1104"
بطاريه - بطئ ف الفتح,2,"1105,1105"
وصف العميل انه بيعلق علي,2,"1106,1106"
المفصله مكسوره - بدون عصفوره,2,"1108,1108"
Depends on the Dell logo,2,"1114,1114"
الجهاز لا يعمل باور ويعطي,2,"1116,1116"
الجهاز مبيشتغلش الي بتوصيل الشاحن,2,"1117,1117"
قاطع باور + بدون بطاريه+,2,"1118,1118"
قاطع باور + بدون بطاريه,2,"1119,1119"
قاطع باور + بدون كارت,2,"1120,1120"
مشكله ف الفان + صيانه,2,"1121,1121"
شغال باور وداتا بس مبيعرضش,2,"1124,1124"
Wifi Not Working,2,"1125,1125"
الشاشه بتطفي وتعلق,2,"1126,1126"
no power due to liquid,2,"1134,1134"
No Power - Fix Hosing,2,"1145,1145"
الجهاز بفصل لواحده بشكل عشوائي,2,"1155,1155"
كسر ف المفصلات و الهاوسنج,2,"1164,1164"
اعاد ادخال بكود 1105 ..,2,"1165,1165"
الجهاز واقع عليه نسكافيه.,2,"1166,1166"
الجهاز بطئ جدا و بالفحص,2,"1171,1171"
لا يدخل على البوت,2,"1176,1176"
بيعمل صوت وبيفريز اول ميتوصل,2,"1183,1183"
كسر ف المفصلات رنج التكلفه,2,"1196,1196"
Change Keyboard: 1750LE - Cooling,2,"1198,1198"
مشكله ف ال tybc وكل,2,"1216,1216"
كسر ف المفصلات و شرخ,2,"1227,1227"
Cooling System 550 - Add,2,"1228,1228"
Fix Hosing Working Raing 550,2,"1231,1362"
Fix Hosing Working Raing 650,2,"1239,1320"
KB - Fulll Test,2,"1243,1243"
Cooling System Ultra 1200/ُ -,2,"1246,1246"
Cooling System - Fix Hosing\,2,"1256,1256"
Change Hosing CD,2,"1258,1258"
No Power Workin Raing t0,2,"1260,1260"
- Change New Battery Orig,2,"1269,1269"
غير مستقر ف قرائه الهارد,2,"1277,1277"
الجهاز بيجيب بلو اسكربن بشكل,2,"1278,1278"
No Data Working Ranig 500,2,"1289,1289"
المفصلات مكسوره 550 = 750,2,"1314,1314"
Working Raing 500 to 1650LE,2,"1318,1318"
No Data - Watter Damige,2,"1328,1328"
Chnge KB,2,"1338,1338"
Fix Hosing 850 to 1350,2,"1340,1340"
No Power Working Ring 500,2,"1347,1347"
Change KB (Original) - Cooling,2,"1354,1354"
Fix Hosing 650 - 850LE,2,"1355,1355"
No Data - Working Raing,2,"1382,1382"
Power No Data - Working,2,"1384,1395"
كسر ف قواعد المفصلات تكلفه,2,"1386,1386"
Fix Hosing Working Raing 1000,2,"1388,1388"
Cooling System Pro 850LE -,2,"1390,1390"
استبدال البطاريه,1,4
البطاريه لا تزيد عن 55%,1,7
وايفاي + زرار مكسور,1,12
No power,1,15
no data,1,17
Touch not working,1,19
دايرة الشحن,1,20
فحص كامل - Power NO,1,21
كسر في هاوسينج C,1,22
"هاوسينج A,B - بعض USB",1,23
فانة وبيهنج عند تنزيل الوندوز,1,24
كسر ف الهوسنج و سوكت,1,27
upgrade ssd to 256 new,1,28
Install Windows,1,30
Upbred SSD + Cady,1,35
Lag - Blue Screen عند,1,37
لاج فــ الكيبورد و التاتش,1,42
-Wifi Not Work Lan Not,1,46
كسر ف الشاشه - كسر,1,47
تغيير شاشه - بطاريه اورجنال,1,60
Blue Screen - اصلاح المفصله,1,61
LAG - Full Test -,1,62
upgrade To SSD 128G,1,63
تغيير شاشه - كيبورد -,1,69
Cooling System Maintenance,1,70
تغيير شاشه 120 HZ,1,74
Upgrad To SSD 128 +,1,79
بدون DVD - فحص كامل,1,80
اصلاح دائره الشحن,1,82
سخونيه عاليه - لاج -,1,84
تغيير شاشه وتم دفع 1900,1,86
سوفت وير + البطاريه بايظه,1,87
Clone To SSD تم استلام,1,89
add New SSD 256 +,1,96
الشاشه بتجيب خطوط بعد ساعتين,1,98
Upgrad To SSD 512G,1,105
مرتجع الشاشه بتجيب خطوط بعد,1,107
فحص فلاته الهارد الSATA,1,113
Change New KB Orignal and,1,117
سوفت وير ونقل الداتا (,1,127
Upgrad To SSD M.2 Nvme,1,141
Battery Not Charge - Unlock,1,146
Upgread to ssd 128G -,1,147
Cooling System Pro - Install,1,149
keyboard+ software,1,153
Install Os 150 LE,1,155
Limited Charging 54%,1,160
Upgread To 256G Nvme -,1,164
Upgraed To SSD M.2 256G,1,165
Upgraed HDD To 1T -,1,166
Upgrad To SSD 256G,1,169
لا يعمل مع البطاريه,1,171
3dmax - vray -,1,173
Reset Os,1,175
"Change New Screen 15,6 40Pin",1,185
Change Power Socket,1,188
SW,1,192
بدون بطاريه .. Hard Not,1,193
Upgread To SSD 256G -,1,207
No Power 1500 to 3500LE,1,209
No Power Up To 550,1,212
Install Os - Full Test,1,218
Power No Data (UP to,1,220
Fix Bios,1,221
مشكله في الويفاي + سوفت,1,235
No Power 500 to 1750,1,240
دائره الشحن غير مستقره-- البطاريه,1,241
كسر ف المفصلات 450 -,1,243
Periodic maintenance+ The fan has,1,250
Cooling System Maintenance 550 +,1,253
Install Orignal OS,1,255
Cooling System 450 - Full,1,257
White Screen - Key Broken,1,264
Cooling System - Sata Port,1,269
مشكله في دايره الشحن,1,271
تشغيل دونلود مانجر,1,274
"Problems with turning on, turning",1,275
Change Full Hosing - Fix,1,285
كسر ف الهاوسنج (450 -,1,288
Add HDD 320 (250) +,1,290
Change New Cable,1,291
Adding an SSD + adding,1,295
No Power (250-1350),1,308
فاتوره رقم 271 - test,1,314
Change housing 2450,1,319
كسر هوسنج Price range from,1,320
Camera Not Work,1,324
Stop Logo - Boot Error,1,327
مشكله في الشاشه (خط اعلي,1,334
Test the screen and flats,1,350
full Test - add Cam,1,354
Full Test - Need HDD,1,357
الجهاز كان جاي يغير كيبورد,1,360
الجهاز متفكك بالكامل - بدون,1,363
Change hard drive + windows,1,367
مشكله في الباور,1,368
01009768676,1,372
Change keyboard for 2250,1,377
تغيير شاشه +software,1,386
Changing the charging ring socket,1,392
Problem in the BIOS,1,395
Change van,1,404
Change KB 650LE - Cooling,1,405
نسخه,1,407
Hard writing + CAD +,1,409
Chack Fan,1,418
حراره - صيانه دوريه,1,436
يفصل باور عند تشغيل الويندوز,1,438
Slow Post OS,1,440
Full Test -Check Screen,1,447
حراره,1,459
Cooling System Maintenance Pro 650Le,1,463
"Change New Screen 14""",1,464
Fix Hosing 450-650 LE,1,465
Change Power Socket - Back,1,471
كسر هوسينجMoney range from 350,1,473
مشكله في السمعات + تغيير,1,474
يقف على نسبة معينة فى,1,477
تركيب فانه,1,482
Cooling System Pro 650 -,1,486
صاينه دوريه + اصلاح هوسينج,1,487
add ssd 128G + install,1,488
Cooling System - Chick Fan,1,492
Full Test - Test VGA,1,493
تغيير شاشه The price of,1,501
مفصلات مكسوره,1,502
تركيب min,1,503
لا يقرا هارد ولا يفتح,1,512
UpgreAD tO ssd aND cOOLING,1,529
مشكله ف الفلاته,1,544
كان موجود بمشكله في الشحن,1,546
Full Test - Fix Fan,1,549
add ssd 128G,1,552
no Power,1,554
تنزيل برامج,1,559
تغيير مازر بورد,1,560
كولينج,1,561
MB Only No Power +,1,563
بطاريه ويحتاج اللي حجر بدون,1,566
البطاريه لا تعمل جيدا بعد,1,567
كولينج وسوفت وير,1,568
مشكله في الفلاته,1,571
تركيب هارد ssd + صيانه,1,573
Change New Battery Orignal Pric,1,577
Change New Screen 1850 +,1,578
(Cooling System pro 650LE (485LE,1,579
تنضيف سمعات + تنضيف كيبورد,1,582
Wi-Fi antenna is cut off,1,584
Full test الجهاز عباره عن,1,585
الجهاز عباره عن MB +D,1,586
Blue Screen Working t0 350LeModify,1,587
Upgread To SSD 1T +,1,588
Upgreadd to ssd 5121 650,1,589
Test And Ghange New Screen,1,590
Change Screen + Add SSD,1,591
كسر في الشاشه,1,595
OS 150 + Cooling System,1,596
Chick Fan + Cooling System,1,598
الشاشه بترعش ... تم عمل,1,604
No Power Working Ring From,1,613
Change headphones,1,621
اللابتوب فيه مشكله في الكاميرا,1,622
الشاشه مكسوره,1,626
install OS + New Charger,1,627
Cooling Systen 350Le,1,628
تركيب هارد 512 + سوفت,1,629
Upgread To SSD,1,633
الشاشه بها اسكرتشات - Add,1,634
No Power الجهاز متفكك بالكامل,1,637
مشكله ف الكيبورد,1,638
Cooling System Pro 650Le,1,639
الجهاز يظهر اللوجو فقط ولا,1,640
الهارد ال HDD اوقات بيفصل,1,641
Fix RPM Fan working Ring,1,644
Fix Anntena,1,645
Cooling System 550,1,646
صيانه دوريه 550 + برنامج,1,649
الجهاز كان لا يعمل كليكات,1,651
شوكت الشحن في مشكله,1,653
تغيير هار512 + تنزيل سوفت,1,654
Chack Screen And Vga,1,661
Power No Data... Fan Working,1,662
Chick Vga,1,663
Install OS 150Le - Install,1,666
No Back Light - هيتم,1,667
No Power - اصلاح المشكلف,1,676
Change New Speaker,1,677
كسر في المفصلات و باغه,1,679
No Power - بدون RTC,1,686
اصلاح هاوسينج 450 لي650,1,693
Add SSD 128G,1,697
بيسخن والبروسيسور بيرفع100 ويفصل,1,698
Cooling System 650 - Install,1,701
Cooling System Ultra 850,1,702
No Data Working Ring from,1,704
مبيشحنش - مشكلة في البطارية,1,713
Add SSD 128G & Install,1,717
no deta رنج من 250,1,721
Cooling System Pro 550LE -,1,725
Cooling System Pro 550LE,1,726
كسر هوسينج رنج من 450,1,728
Change New Battery + Cooling,1,735
نركيب هارد,1,736
اصلاح التاتش باد,1,743
كسر في الهوسينج + تغيير,1,744
كسر ف الهاوسنج,1,746
Fix Hosing from 450 to,1,750
تركيب SSD + كادي +,1,754
تركيب SSD + سوفت وير+,1,755
مفصلات,1,761
محتاج هارد -كادي-صيانه دوريه,1,769
بيفصل لوحده عشوائي,1,770
الجهاز بيقفل لوحدو,1,772
شاشه 2200-هاوسنج TO550 FROM750,1,775
Shutdown Automatic - Cooling System,1,779
Upgread Ram to 8G 775,1,780
Change KB 350Le,1,781
Add SSD 128G + Install,1,786
no data to250 from 1300,1,787
الكاميرا لا تعمل,1,791
Very slow,1,802
Broken Hosing,1,803
اصلاح الهاوسنج وزرار الباور,1,807
كسر في الوسينج,1,813
No Data Screen & Keyoard,1,816
Keyboard - Speaker,1,817
صيانه درويه,1,824
Boot Guard Verified Failled Working,1,832
Change New Screen Rang 2000,1,833
اصلاح اماكم مسامير,1,836
Add ssd 128G 1100LE,1,839
عند هز او تحريك الجهاز,1,840
تركيب هارد m=2 128 رام,1,842
اصلاح FAN,1,843
تغيير هارد + زياد رام,1,846
تغيير شاشه + في نسبه,1,847
مشكله في wifi,1,850
Install OS 150LE + KB,1,852
فحص الشاحن و الUSB -,1,855
بطا في فتح الوندوز +,1,857
No Data Working Ring 250To,1,858
Full Test + Fix Fan,1,863
قاطغ داتا رنج من 250,1,867
تغيير الشاشه - صيانه دوريه,1,876
صيانه دوريه 550 ويندوز 150,1,886
اصلاح هاوسنج to650 from850,1,887
ويندوز وتنضيف فلاته االشاشه,1,890
مشكله في المايك والبلوتوز,1,894
الكيبورد و الماوس غير مستقرين,1,895
No Power Working rang 250,1,901
No Boot - كسر ف,1,909
تنزيل سيستم,1,912
Cooling System 550 - Change,1,920
لا يعرض بيانات,1,928
الجهاز لا يعرض,1,931
الجهاز بيفصل بدون الشاحن في,1,933
Slow Post,1,939
Camera Not Work - Bios,1,940
Full Test - العميل بيقول,1,943
الجهاز بطئ - فحص كامل,1,944
تنزسل ويندوز,1,946
صيامه دوريه,1,947
فاصل كيبورد وتاتش بادد رنج,1,955
غير مستتقر في التشغيل -,1,962
kb,1,971
مشكله فريز to250 from1750,1,972
كسر ف الهوسينج رنج من,1,978
صيانه دوريه 850,1,983
الجهاز يعطي رساله لتلف الفان,1,986
Install OS Light,1,988
صيانه دوريه (950),1,994
صيانه دوريه + ويندوز,1,1002
اصلاح هاوسنج,1,1003
الفانه لا تعمل بكفائه -,1,1006
install Os + بعد الويندوز,1,1007
تركيب هارد وكادي,1,1008
NO PWOR 250FROM1450,1,1011
مبيقبلش ويندوز,1,1014
الفانه تالفه محاوله اصلاحها اولا,1,1016
no pwor to 250 from1450,1,1017
مشكله في المفصلات,1,1019
بيعمل لاج وبلو اسكرين,1,1020
كسر في المفصلات,1,1021
USB Not Work - Lequide,1,1029
يحتاج تغيير كيبورد و الUSB,1,1041
قاطع باكلايت,1,1043
Upgread Ram 4G 350LE,1,1055
قاطع باور بشكل كامل العميل,1,1059
كس ف الهاوسنج - الكيبورد,1,1064
Upgread,1,1071
no powr to750 from 1850,1,1072
سوكت البطاريه مخلوع تكلفه 250,1,1075
غيرنا الهارد من فتره وحاليه,1,1076
الجاهز واقع عليه سائل,1,1077
بيفريز + مشكله ف التاتش,1,1091
صيانه دوسه 550 وتغيير كيبورد,1,1092
الكيبورد بتفصل وتشتغل صيانه دوريه,1,1093
مرفوض بس واقف علي رامه,1,1098
قاطع باور بشكل كامل واقع,1,1113
سوكت M.2 مكسور,1,1115
ظهور متكرر لشاشة زرقاء أثناء,1,1122
مشكله ف اهارد ال500,1,1128
احتراق ف فلاته الشاشه ادي,1,1130
مبيحسش بوجود البطاريه ولا بيشحنها,1,1135
No Boot,1,1136
شكوه العميل ان الجهاز مبيشحنش,1,1139
كسر ف الشاشه,1,1144
USB Broken - Removing traces,1,1146
Cooling System Gaming 1,1,1149
الجهاز بيهيس ( فلاته شاشه,1,1150
لا يشحن,1,1151
The battery shows a message,1,1154
No Power (Power Len Working,1,1158
تغيير فانه - كيبورد,1,1169
لا يوجد عرض علي الشاشه,1,1174
TPM Eror,1,1177
صيانه دوريه اوبشن 1200 +,1,1180
Add SSD128G,1,1188
No Working Rang 500 to,1,1189
يوجد صوت قريب من ابروسيسور,1,1191
Change New Battery - Install,1,1192
No Data After Bios Updae,1,1195
جهاز قطع بور,1,1197
No Power Working Ring 1000LE,1,1199
No Power Working Raing 205,1,1200
Chnge USB - TC Port,1,1203
Full Chack,1,1204
No Data - الفانه مكسوره,1,1205
كسر ف الشاشه - بدون,1,1206
No Power - بدون باك,1,1208
Check Charging Circuit - Change,1,1209
Change Screen - Fix Hosing,1,1212
Battery Not Detict - Very,1,1214
Switch Housing (A-B),1,1215
تغيير الكيبورد,1,1218
لا يشحن البطاريه العمل تحت,1,1219
Cooling System 650,1,1220
No Power 250 to 1350LE,1,1221
كسر ف الشاشه تكلفه الاصلاح,1,1223
Blue Screen - Working Rang,1,1224
No Data - غير مستقر,1,1225
Install OS - Change Power,1,1230
Change Ethernat Port,1,1232
التاتش باد و الكلكات لا,1,1234
Add SSD 128G 1150 +,1,1236
الجهاز لا يعرض بيانات على,1,1241
Fix Hosing - Cooling System,1,1244
Fan Full Speed Working Raing,1,1245
Add Ram + SSD,1,1248
Add SSD,1,1249
No Power - انسكاب سائل,1,1250
No Data - Working Rang,1,1251
الUSBs لا يعملو... لو المشكله,1,1255
Cooling System 650 0 Descouint,1,1257
keyboard (shift Button),1,1263
Screen is Broken,1,1264
Win Freeze,1,1265
Cooling System - Full Test,1,1270
No Power - يحدث شورت,1,1272
Upgrad,1,1273
Install OS - Battery,1,1274
add SSD - Chick Ram,1,1275
No Backlighit,1,1279
Power Surge On the USB,1,1280
Change New Sceen 15.6 3200LE,1,1281
Fix Hosing Working Raing 950,1,1285
No Power - مطلوب تغيير,1,1294
Change New KB Orignall 1850LE,1,1299
الجهاز لا يقراء الرامات على,1,1305
انسكب عليه سائل - العمل,1,1306
العمل تحت رنج تكلفه من,1,1315
No Power Working Ranig 500,1,1316
Cooling System Ultra 1200,1,1321
NO Power - Working Raing,1,1322
NO Power Working Raing 500,1,1323
البورت الاكسترنل لا يعمل ...,1,1325
No Power - Watter DDamige,1,1326
No Power Working Raing 1000LE,1,1329
No Power - Liquid Damage,1,1332
Unlock Bios Password,1,1333
NO Power = كسر ف,1,1339
الجهاو بياوفر هيت - شاشه,1,1344
لا يعمل باور - اوقات,1,1345
Cooling System G1 850,1,1356
Cooling System 850LE,1,1358
الجهاز لا يعمل على البطايه,1,1363
Cooling System Pr0 850,1,1364
Fix Hosing 750 - 1200,1,1367
No Power = منسكب عليه,1,1369
No Power احتراق ف Type,1,1371
No Power Lequid Damige Working,1,1376
No Power - Restarting Automayic,1,1378
Fix Hosing Working Raing 450,1,1379
Cooling System Pro 850 +,1,1383
Power Not Stable KB not,1,1391
Hosing is broken - full,1,1392
Full Test 3 labtop (HP,1,1393
Fix Or ChANGE hOSING,1,1403
اللابتوب بيرستر اوتوماتيك بعد فتره,1,1406
Install Windwos In MAc 550LE,1,1408
Change KB + Battery,1,1416
